{"cameraMode":{"drawMode":0,"name":"Shaded","section":"Shading Mode"},"sceneLighting":false,"audioPlay":false,"sceneViewState":{"m_AlwaysRefresh":false,"showFog":false,"showSkybox":false,"showFlares":false,"showImageEffects":false,"showParticleSystems":false,"showVisualEffectGraphs":true,"m_FxEnabled":true},"in2DMode":false,"pivot":{"x":0.0005666017532348633,"y":0.8154854774475098,"z":-0.11107966303825379},"rotation":{"x":0.35376158356666567,"y":-0.14615999162197114,"z":0.05606835335493088,"w":0.9221575856208801},"size":1.0987462997436524,"orthographic":false}